Words,Bad
wrinkled starfish,1
thumbzilla,1
bung hole,1
orgasm,1
thriving,0
yielding,0
nigga,1
longevity,0
tea bagging,1
bounty,0
tranquil,0
yiffy,1
noble,0
bravery,0
kindness,0
tenacity,0
contentment,0
vivid,0
baby juice,1
purposeful,0
semen,1
generosity,0
boobs,1
violet wand,1
missionary position,1
integrity,0
apple,0
joyous,0
grope,1
devotion,0
girl on,1
bondage,1
perseverance,0
felch,1
hot carl,1
hentai,1
harmony,0
beaners,1
sunshine,0
shrimping,1
nude,1
bollocks,1
sultry women,1
fucktards,1
donkey punch,1
motivation,0
juggs,1
zealous,0
health,0
leadership,0
kinkster,1
jizz,1
courage,0
bukkake,1
milf,1
thriving,0
kite,0
celebration,0
benevolence,0
serene,0
jubilation,0
apeshit,1
wank,1
strap on,1
creativity,0
knowledgeable,0
youthfulness,0
eat my ass,1
insight,0
mindful,0
uniqueness,0
freedom,0
upskirt,1
huge fat,1
moment,0
shitblimp,1
peace,0
handjob,1
newness,0
teamwork,0
knowledge,0
justice,0
cleveland steamer,1
blow job,1
mountain,0
goo girl,1
openness,0
yearning,0
frotting,1
phone sex,1
daring,0
schlong,1
sexcam,1
moment,0
raghead,1
flower,0
scissoring,1
zeal,0
justice,0
wetback,1
voyeur,1
intercourse,1
chocolate rosebuds,1
birdlock,1
blessing,0
fucking,1
jelly,0
date rape,1
neutrality,0
journey,0
tranny,1
love,0
fingerbang,1
sucks,1
eunuch,1
legacy,0
zebra,0
radiant,0
achievement,0
uplifting,0
originality,0
pisspig,1
keenness,0
tainted love,1
liberty,0
big tits,1
octopussy,1
bareback,1
twink,1
blonde action,1
assmunch,1
brown showers,1
swastika,1
slut,1
reverse cowgirl,1
affection,0
radiance,0
celebration,0
leather restraint,1
yearning,0
quim,1
dog style,1
suicide girls,1
stability,0
deep throat,1
mindset,0
pleasure chest,1
cunt,1
queef,1
gangbang,1
whore,1
tree,0
escort,1
punany,1
knowledge,0
fuckin,1
domination,1
innovation,0
mound of venus,1
mr hands,1
sunshine,0
honesty,0
enlightenment,0
poof,1
shota,1
fidelity,0
yearning,0
moment,0
goregasm,1
male squirting,1
doggystyle,1
nymphomania,1
rape,1
peace,0
tushy,1
yoga,0
neonazi,1
tree,0
liberty,0
devotion,0
joyful,0
barenaked,1
honesty,0
poontang,1
abundance,0
fellatio,1
femdom,1
peace,0
tit,1
leadership,0
benevolence,0
harmony,0
xylophone,0
2 girls 1 cup,1
leadership,0
progress,0
futanari,1
chair,0
snatch,1
energy,0
erotism,1
health,0
playful,0
paki,1
tied up,1
bangbros,1
deepthroat,1
shit,1
legacy,0
contentment,0
nig nog,1
mong,1
vivid,0
inspire,0
renewal,0
bdsm,1
humping,1
zoophilia,1
wondrous,0
yaoi,1
selfless,0
omorashi,1
contentment,0
bitches,1
lovemaking,1
yearning,0
opportunity,0
warmth,0
girl on top,1
double dong,1
doggie style,1
breeze,0
fuck buttons,1
female squirting,1
kike,1
horny,1
renewal,0
cumming,1
ball gag,1
santorum,1
visionary,0
uplifting,0
topless,1
strapon,1
guro,1
opportunity,0
rusty trombone,1
buttcheeks,1
calm,0
devout,0
cloud,0
poopchute,1
nambla,1
transformation,0
visionary,0
liberty,0
cialis,1
zestful,0
unity,0
faith,0
camwhore,1
abundance,0
venus mound,1
beaner,1
balance,0
mindset,0
oneness,0
lemon party,1
notebook,0
uniqueness,0
clover clamps,1
mercy,0
energy,0
bastard,1
dendrophilia,1
cloud,0
apple,0
bbw,1
positivity,0
umbrella,0
tenacity,0
amazement,0
acceptance,0
idea,0
invention,0
zenith,0
bastardo,1
kind-hearted,0
education,0
meaningful,0
coprolagnia,1
pegging,1
hardcore,1
masturbation,1
window,0
beaver lips,1
xx,1
generosity,0
justice,0
journey,0
bounty,0
rectum,1
tub girl,1
jerk off,1
giant cock,1
nimphomania,1
zest,0
delight,0
rosy palm,1
trust,0
harmony,0
jelly,0
devout,0
ecchi,1
uplifting,0
perseverance,0
smut,1
nurture,0
fecal,1
vision,0
growth,0
invention,0
neutrality,0
xylophone,0
voyuer,1
clusterfuck,1
transformation,0
cornhole,1
openness,0
garden,0
twat,1
dingleberries,1
one guy one jar,1
journey,0
wellness,0
enlightenment,0
cumshots,1
thoughtful,0
respect,0
joyful,0
harmony,0
style doggy,1
growth,0
blonde on blonde action,1
book,0
black cock,1
lemon,0
bulldyke,1
empathy,0
jiggerboo,1
muffdiving,1
vibrator,1
titties,1
meaningful,0
penis,1
sodomy,1
cum,1
harmony,0
purposeful,0
wet dream,1
virtue,0
wrapping men,1
motivation,0
dvda,1
generative,0
resilience,0
vulva,1
panties,1
eagle,0
lemon,0
faggot,1
empathy,0
river,0
youthfulness,0
mastery,0
menage a trois,1
daterape,1
panty,1
mastery,0
jack off,1
devotion,0
feltch,1
openness,0
notebook,0
kinky,1
laughter,0
trust,0
2g1c,1
umbrella,0
bullshit,1
double penetration,1
kinbaku,1
generative,0
dawn,0
kind-hearted,0
skeet,1
lifelong,0
innovation,0
idea,0
nsfw images,1
rosy palm and her 5 sisters,1
uplift,0
incest,1
fudge packer,1
wonder,0
hard core,1
harmony,0
selfless,0
poon,1
noble,0
goodpoop,1
pikey,1
chair,0
progress,0
gay sex,1
joyful,0
xxx,1
visionary,0
inspire,0
uplift,0
bangbus,1
dommes,1
delight,0
hot chick,1
xylophone,0
blow your load,1
zebra,0
doggy style,1
affection,0
fag,1
big black,1
blue waffle,1
erotic,1
nearness,0
threesome,1
delight,0
devotion,0
glory,0
courage,0
dingleberry,1
ball gravy,1
veracity,0
mountain,0
energy,0
booty call,1
justice,0
faith,0
mastery,0
titty,1
heroic,0
boldness,0
radiance,0
sadism,1
g-spot,1
boob,1
autoerotic,1
bastinado,1
fulfillment,0
harmony,0
sexually,1
optimism,0
generosity,0
jelly donut,1
ass,1
patience,0
mercy,0
sacred,0
wonder,0
creativity,0
goatse,1
ball licking,1
innovation,0
devotion,0
hand job,1
gokkun,1
bimbos,1
freedom,0
bullet vibe,1
girls gone wild,1
ball sack,1
gratitude,0
rapist,1
support,0
acceptance,0
honkey,1
breeze,0
worldsex,1
youth,0
youth,0
jailbait,1
harmony,0
yoga,0
fudgepacker,1
fuck,1
virtue,0
leather straight jacket,1
spooge,1
dick,1
kinship,0
optimistic,0
piece of shit,1
wondrous,0
tubgirl,1
dominatrix,1
teamwork,0
justice,0
fidelity,0
amazement,0
homoerotic,1
renewal,0
resilience,0
carpetmuncher,1
ball sucking,1
invention,0
muff diver,1
yonder,0
figging,1
nigger,1
nawashi,1
shitty,1
sexual,1
radiance,0
joyous,0
shibari,1
wondrous,0
yonder,0
noble,0
creampie,1
dolcett,1
thoughtful,0
snowballing,1
jubilation,0
upliftment,0
cumshot,1
nutten,1
wisdom,0
cunnilingus,1
camgirl,1
group sex,1
opportunity,0
ball kicking,1
slanteye,1
auto erotic,1
oneness,0
spread legs,1
nudity,1
raging boner,1
rimming,1
sexuality,1
viagra,1
blessing,0
rainbow,0
porn,1
bunghole,1
legacy,0
freedom,0
happiness,0
pussy,1
paedophile,1
wealth,0
justice,0
camslut,1
nipple,1
jubilation,0
blessing,0
zest,0
porno,1
devotion,0
acrotomophilia,1
notebook,0
elation,0
eagle,0
ejaculation,1
darkie,1
fidelity,0
versatile,0
achievement,0
spunk,1
anilingus,1
dance,0
chair,0
golden shower,1
benevolence,0
butthole,1
coons,1
yonder,0
playboy,1
white power,1
dance,0
piss pig,1
quiet,0
vivid,0
anus,1
harmony,0
ocean,0
understanding,0
acceptance,0
nipples,1
voyeurweb,1
tongue in a,1
brunette action,1
masturbate,1
abundance,0
harmony,0
strip club,1
jigaboo,1
integrity,0
two girls one cup,1
busty,1
playful,0
ocean,0
vorarephilia,1
heroic,0
quality,0
ðŸ–•,1
mindful,0
genitals,1
make me come,1
enlightenment,0
quality,0
raping,1
jubilation,0
pedophile,1
quiet,0
fingering,1
circlejerk,1
progress,0
compassion,0
leadership,0
foot fetish,1
support,0
cock,1
negro,1
towelhead,1
sexo,1
fulfillment,0
arsehole,1
urophilia,1
sexy,1
tenacity,0
sacred,0
blowjob,1
footjob,1
yellow showers,1
goatcx,1
veracity,0
justice,0
flourish,0
pissing,1
kite,0
zestful,0
equality,0
fidelity,0
sex,1
gratitude,0
tribadism,1
dirty pillows,1
daring,0
bestiality,1
coprophilia,1
mindset,0
pthc,1
zestful,0
xylophone,0
urethra play,1
dp action,1
zen-like,0
vagina,1
dawn,0
beaver cleaver,1
one cup two girls,1
justice,0
throating,1
beastiality,1
generative,0
clitoris,1
perseverance,0
nympho,1
orgy,1
energy,0
barely legal,1
tosser,1
balance,0
openness,0
dildo,1
zen-like,0
splooge moose,1
fulfillment,0
queaf,1
spic,1
valley,0
youthfulness,0
bitch,1
strappado,1
splooge,1
bravery,0
suck,1
coon,1
s&m,1
fisting,1
nurture,0
tits,1
kinship,0
dirty sanchez,1
how to kill,1
big breasts,1
gratitude,0
motherfucker,1
hooker,1
camel toe,1
baby batter,1
wealth,0
fulfillment,0
pornography,1
pedobear,1
idea,0
warmth,0
lolita,1
hope,0
babeland,1
uplifting,0
cocks,1
renewal,0
shemale,1
alaskan pipeline,1
blumpkin,1
knobbing,1
keenness,0
rimjob,1
radiance,0
knowledge,0
newness,0
book,0
shaved pussy,1
butt,1
god damn,1
taste my,1
originality,0
integrity,0
lemon,0
masturbating,1
thriving,0
anal,1
purposeful,0
versatile,0
jail bait,1
daring,0
twinkie,1
tight white,1
creativity,0
nsfw,1
how to murder,1
poop chute,1
asshole,1
undressing,1
livesex,1
prince albert piercing,1
adventure,0
visionary,0
kite,0
gentle,0
amazement,0
harmony,0
breeze,0
pole smoker,1
scat,1
elation,0
gang bang,1
guidance,0
alabama hot pocket,1
boner,1
visionary,0
dry hump,1
faith,0
nurture,0
spastic,1
novelty,0
creativity,0
affection,0
carpet muncher,1
ponyplay,1
umbrella,0
sodomize,1
heroic,0
yonder,0
doggiestyle,1
swinger,1
originality,0
innovation,0
jiggaboo,1
zenith,0
courage,0
shaved beaver,1
nature,0
mercy,0
big knockers,1
clit,1
gentle,0
umbrella,0
apple,0
visionary,0
pubes,1
quest,0
